"Password","Identifiant"
"zyL!gMj&YTc""$","maxime.habermann@biodevops.local"
"bIBs$Ahv5iEm$","theo.payen1@biodevops.local"
"u%QG/kf1IWwC$","mohamed.wazane@biodevops.local"
"dm5q1g9i-)C6$","mukilventhan.george@biodevops.local"
"Cm)bjX(3Dd-a$","kristina.chung@biodevops.local"
"XzWb+n-VkJr8$","paige.chen@biodevops.local"
"W1JvbrKo.izh$","sherri.melton@biodevops.local"
"xj+9XC3q-WGs$","gretchen.hill@biodevops.local"
"Cvd39OwFtmDP$","karen.puckett@biodevops.local"
"c7ajToUqf0JB$","patrick.song@biodevops.local"
"fYzZd-S(j23'$","elsie.hamilton@biodevops.local"
"Gzg$*1lfLD,!$","hazel.bender@biodevops.local"
"Dcj8)7p+""yvC$","malcolm.wagner@biodevops.local"
"Te!rCtFVfW'""$","dolores.mclaughlin@biodevops.local"
"'54AQN*qV)ca$","francis.mcnamara@biodevops.local"
".eYigHB-2T3d$","sandy.raynor@biodevops.local"
"7.q245Wk6d!*$","marion.moon@biodevops.local"
"T0of,(13uNUk$","beth.woodard@biodevops.local"
"U9oXi!H""'1WV$","julia.desai@biodevops.local"
"$ID""K'xNBP/k$","jerome.wallace@biodevops.local"
"NzWjx9Cw,i8Z$","neal.lawrence@biodevops.local"
"6kp,#%yc2Za4$","jean.griffin@biodevops.local"
"""5,(X7EZoyr0$","kristine.dougherty@biodevops.local"
"r-PfnU,%Iy0b$","crystal.powers@biodevops.local"
"tm-Dan*kQg)V$","alex.may@biodevops.local"
"MKD!Ero26C#-$","eric.steele@biodevops.local"
",P-hBfy3KZ%q$","wesley.teague@biodevops.local"
"'VGlZorN3hKu$","franklin.vick@biodevops.local"
"VX$x3Zh+iwQl$","claire.gallagher@biodevops.local"
")0TCYBx8$eJ/$","marian.solomon@biodevops.local"
"+""e7GlyJEM.X$","marcia.walsh@biodevops.local"
"UkDfl6N/h+)i$","dwight.monroe@biodevops.local"
",(fi7!HornyB$","jones.angela@biodevops.local"
"6vN8EJxUf7kR$","stephanie.mark@biodevops.local"
"Kl!p+#vDq'wU$","benjamin.virginia@biodevops.local"
"uGy4CtWm5)9%$","keith.jonathan@biodevops.local"
"UDnCJQL-K*V!$","jesus.christopher@biodevops.local"
"F!&RmM$KWk3Y$","james.jackie@biodevops.local"
"Fmyt(u/co1Sa$","angela.dylan@biodevops.local"
"RErkbmuqDoOP$","carl.tammy@biodevops.local"
"&g"".94*%!Wwa$","brooke.kayla@biodevops.local"
"N2O/*Zp1Rr(n$","emily.sara@biodevops.local"
"TG)&P,Ldr+qO$","nicholas.michael@biodevops.local"
"EhXLMkuWxe.H$","michael.michael@biodevops.local"
"CDW#Mn&iFkZ5$","megan.vanessa@biodevops.local"
"lT)yd%rFiDUj$","brandon.patrick@biodevops.local"
"a6CBAPgM.8fZ$","angela.sarah@biodevops.local"
"GHKUiX&mPvn""$","daniel.jennifer@biodevops.local"
"a,DKRI2cP0'O$","angela.jeffrey@biodevops.local"
"uw2&FdKL5Uni$","justin.justin@biodevops.local"
"k(h2viS/7L',$","ryan.stacey@biodevops.local"
"QNOj+8#5.EBH$","tracy.michael@biodevops.local"
"HVYp.x5ru*)R$","scott.whitney@biodevops.local"
"JXkeWz$f*xhq$","tammie.joseph@biodevops.local"
"/Yl7vZTy5Xj,$","drew.angelica@biodevops.local"
"Z!Q-ByfNrcL3$","ashley.victor@biodevops.local"
"rY(zWO1!Cp""8$","timothy.gerald@biodevops.local"
"4UXqwMbv!afd$","carlos.kenneth@biodevops.local"
"$6Kv%Z-Euhc""$","sara.jason@biodevops.local"
"Z(Mp.BLxy$jn$","randy.nancy@biodevops.local"
"o1kvbFfEc2/($","george.kathryn@biodevops.local"
"(ZG,H8wrTU/""$","christopher.brett@biodevops.local"
"tvr6$M(79y4+$","donna.kevin@biodevops.local"
"712#&ouF6nRL$","barbara.rebecca@biodevops.local"
"fMAGe6wcu9Xt$","joshua.claudia@biodevops.local"
"SW&%tNOHPj)n$","jesse.samantha@biodevops.local"
"ni&efIB!RE#6$","devin.tiffany@biodevops.local"
"VxKUoCNtp(j/$","kimberly.colleen@biodevops.local"
"'/F1XIv+N5OE$","kenneth.lisa@biodevops.local"
"He8*.VB7gy+C$","christina.tiffany@biodevops.local"
"r(4l-XJ&""Dip$","robert.kaitlyn@biodevops.local"
"WUac6!p""wnTi$","kathryn.cindy@biodevops.local"
"""$regQl6o'&v$","denise.sierra@biodevops.local"
"%8GBW'rwiKf&$","stephen.jamie@biodevops.local"
"M/JUSuwcrVbl$","brenda.zachary@biodevops.local"
"hBMDXRwY+WAE$","andrew.amy@biodevops.local"
"QOiLHx%1tzno$","joseph.elizabeth@biodevops.local"
"!tEuBF9vfV#X$","david.philip@biodevops.local"
"xYW1Sl.iRfU5$","patrick.brian@biodevops.local"
"&,wGxu0QHfCY$","emily.craig@biodevops.local"
"Gmw'k)Ig8oxQ$","rachel.brett@biodevops.local"
"z6jZ#uk""KL'f$","megan.stacy@biodevops.local"
"eH'sZ$k)fO3L$","tabitha.charles@biodevops.local"
"4$kIDlbHP%'M$","marcus.phillip@biodevops.local"
"h!R&z+MNyGHw$","jordan.tristan@biodevops.local"
"i'kDFfP0$a%A$","felicia.austin@biodevops.local"
"t.D(Zx75cJ#j$","gina.austin@biodevops.local"
"H$-oTWp3fa#m$","michael.jonathan@biodevops.local"
"YSwje43Ur2b$$","james.dillon@biodevops.local"
"2+""B%5/jb-FH$","dr.miss@biodevops.local"
"egL1KTOapl,$$","danielle.ashley@biodevops.local"
"LhrOt0PmYMIa$","adrian.derek@biodevops.local"
"c%Q,Edtzal9I$","taylor.barbara@biodevops.local"
"pfgDrQdq6*FA$","daniel.jennifer1@biodevops.local"
"leM6u98Cn(+f$","bradley.taylor@biodevops.local"
"MfRE6mBOFC&-$","matthew.kimberly@biodevops.local"
"TVhgrz(I3-E/$","jennifer.randy@biodevops.local"
"8io,Ch7)&IE!$","sharon.jimmy@biodevops.local"
"5ApnwOBouy-L$","alexis.christopher@biodevops.local"
"NQIL7f)+10D,$","rebecca.alexander@biodevops.local"
"ld6W*F0x%f,5$","ronald.misty@biodevops.local"
"DOGzL!E2J+e($","sara.steven@biodevops.local"
"CMLxX#fmUSyE$","sheena.christopher@biodevops.local"
"E0GmvL5Zi""+T$","geoffrey.grace@biodevops.local"
"Ukfo""CS-T2Xv$","clifford.stephanie@biodevops.local"
"kiPhO6nzpKsc$","erin.tony@biodevops.local"
"r&xTXYS$b/HK$","stacy.kevin@biodevops.local"
"o""l24hVX8m5/$","katherine.james@biodevops.local"
"&mizeH+M%Kgt$","michele.samantha@biodevops.local"
",&D/eJs0vl-$$","scott.matthew@biodevops.local"
"uHRM)!#AK&(x$","douglas.wesley@biodevops.local"
"n2VE5xBGyLs""$","jasmine.timothy@biodevops.local"
"WMxdG#T'%ywv$","denise.patricks@biodevops.local"
"d'y,o""T%HItF$","valerie.james@biodevops.local"
"F.g8l1HV0ymT$","jody.ashley@biodevops.local"
"%3VbtUkcyhAK$","jennifer.barbara@biodevops.local"
"LoEWKwy)""Y!i$","don.jaime@biodevops.local"
"awV'eF#JhDsA$","joshua.leslie@biodevops.local"
"!t4Mc&r)W.yL$","kari.jacob@biodevops.local"
"$S+4#W5a!1eT$","carolyn.cory@biodevops.local"
"-R6t/3$9UVJ5$","jonathan.vanessa@biodevops.local"
"Hxz*NprycV'j$","patricia.mark@biodevops.local"
"i9AQkD+mFotZ$","allison.melissa@biodevops.local"
"#*pjokYM3y+B$","mary.maria@biodevops.local"
"ydBngiCqY%mp$","jeffrey.julia@biodevops.local"
"0z2!GAL/QXgb$","jessica.tammy@biodevops.local"
"dVUC6NKyo4uG$","natalie.justin@biodevops.local"
"E""Nmz,eh4)gk$","gregory.teresa@biodevops.local"
"fDxHwtsyhL+""$","courtney.shawna@biodevops.local"
"-""amx'26ALh5$","gary.jennifer@biodevops.local"
"KL4n'GcX+yaJ$","ashley.douglas@biodevops.local"
"S0grXCwot!jU$","stephen.robert@biodevops.local"
"5&#BkTsY%Oi0$","michael.cheryl@biodevops.local"
"C%wuVrjn3kOe$","amber.kimberly@biodevops.local"
"23uZml)F*W6e$","caroline.debra@biodevops.local"
"hHk7IYb5U8GB$","austin.derrick@biodevops.local"
"VUA#)yo%a(E-$","donald.april@biodevops.local"
"MD*4pKQjOEg($","william.tyler@biodevops.local"
"g!VDyAh""m5Lq$","jean.carrie@biodevops.local"
"2N$l3-1+4Dzg$","travis.janice@biodevops.local"
"tjb&%Hz/p5D7$","sean.michael@biodevops.local"
"#eFz2YhMiDyr$","jennifer.felicia@biodevops.local"
"l7$.M8+gZjW5$","erin.jonathan@biodevops.local"
"Oy.*btnSw+lE$","jonathan.michael@biodevops.local"
"4WIFG*rhl/kS$","elizabeth.gregory@biodevops.local"
"#n)5cIj8yBXN$","travis.david@biodevops.local"
"5a2""oA1%SJl$$","sharon.marcus@biodevops.local"
"j2fNPdac&mDl$","katherine.kenneth@biodevops.local"
"L5$U0XDvsBIn$","matthew.deborah@biodevops.local"
"m#XzrJg(+,6%$","kelly.louis@biodevops.local"
"6as9gt3""obmv$","james.trevor@biodevops.local"
"'"")oWi2wAITS$","garrett.jennifer@biodevops.local"
"mAeQ6&3g1xaY$","kyle.jacqueline@biodevops.local"
"MrRIPNH""1dsq$","janet.laura@biodevops.local"
"zJLK4/nU""y7r$","denise.jeffery@biodevops.local"
"Qy51S38n,/s2$","joseph.jennifer@biodevops.local"
"x0inHvY*89fV$","carrie.susan@biodevops.local"
"JDnVEcUz1R"".$","rebecca.jeffrey@biodevops.local"
"""ACX%ekPWh!5$","christina.anthony@biodevops.local"
"dkLj3hFb$m!f$","amy.james@biodevops.local"
"XPeW$ZgAnjC-$","marcus.angela@biodevops.local"
"lRW5jH)k0D#g$","amanda.ashley@biodevops.local"
"W6zTkupvR$7y$","matthew.russell@biodevops.local"
"H%S!Ah.RojfT$","brandon.tina@biodevops.local"
"dJpc/-,$8Yjt$","keith.lisa@biodevops.local"
"()azuV7IWsl/$","autumn.maria@biodevops.local"
"WSsGBIu4'N3&$","ashley.martha@biodevops.local"
"w'daC,!S%D7+$","shannon.stanley@biodevops.local"
"wyMBED.-4gR/$","megan.jennifer@biodevops.local"
"R0lTgOetoCiv$","steve.kimberly@biodevops.local"
"rYOqT/I%*p.P$","thomas.jason@biodevops.local"
"!+LTWGY%KUBf$","phillip.susan@biodevops.local"
"L!KfC$1x%Ukp$","andrew.brett@biodevops.local"
"j5.$kybE0w6Q$","stacey.paul@biodevops.local"
"Lqo2t0uS+""K*$","david.jennifer@biodevops.local"
"+B5pL4hKzP$V$","kristen.elizabeth@biodevops.local"
"4u2RTogH0J.$$","jeffery.gary@biodevops.local"
"H,aCKYPqthl#$","amber.veronica@biodevops.local"
"/gRPHtTkEiXe$","christopher.ronald@biodevops.local"
"'9)&84fIE6FO$","marissa.amanda@biodevops.local"
"*C&)'dE0yPjm$","carlos.jason@biodevops.local"
"TOEm$KIU3VRo$","kristina.mary@biodevops.local"
"OlDQ#,-H2gxm$","amanda.richard@biodevops.local"
"!XP+qF6CvU,8$","linda.barbara@biodevops.local"
"osgZb4NyCr#*$","kelly.lindsey@biodevops.local"
"1LqXTk7RFbjv$","lisa.ashley@biodevops.local"
".k,56Q4m3J0p$","amber.sarah@biodevops.local"
"K-SWIU'Lvgpd$","james.michael@biodevops.local"
"83XO7AHkou0%$","paul.melissa@biodevops.local"
"g/uTDOjWMVwr$","shelley.donald@biodevops.local"
"EKm1BknGyPD-$","michael.devon@biodevops.local"
"7L'/yn-ftd+*$","kristine.tracy@biodevops.local"
"($#EOd""f!'yW$","michael.natalie@biodevops.local"
"Z(""!.xHbaMWv$","george.michael@biodevops.local"
"nA""qYW9OwJvm$","kimberly.gregory@biodevops.local"
"vfXW,QBTrqhc$","katelyn.jesse@biodevops.local"
"2d/,81EMf0kT$","blake.maurice@biodevops.local"
"FsiLm3h0WEef$","stephen.jacob@biodevops.local"
"JuL3yUN(/A*x$","francisco.kathleen@biodevops.local"
"hkcDsR1GQ&#l$","jennifer.theresa@biodevops.local"
"&O1KrH+c5Mmv$","darryl.jeffrey@biodevops.local"
"+2g&M40WjX#r$","lynn.mark@biodevops.local"
"01.xlEdn9!mP$","adam.beverly@biodevops.local"
"+MkjYq2Ht6f3$","lisa.mario@biodevops.local"
"GUO('MF1-6CE$","joseph.cameron@biodevops.local"
"k'z#975G-XlT$","henry.david@biodevops.local"
"rzQPptN0neZc$","phillip.ralph@biodevops.local"
"eupm$H&XB,WE$","sandra.lance@biodevops.local"
"W0wTx9obZC#I$","sara.amber@biodevops.local"
"8paOJ4%fY$P)$","jennifer.aaron@biodevops.local"
"ymq$W1xZsM+e$","jennifer.amy@biodevops.local"
"NaA'*QjMOt!&$","ryan.whitney@biodevops.local"
"Ke$q-PLCVzH!$","tracy.ellen@biodevops.local"
"PV.!d*5bzQgn$","jill.stephanie@biodevops.local"
"ZDf5UH/%uqm#$","david.garrett@biodevops.local"
"%3N18vQ+z7bo$","haley.grant@biodevops.local"
"hKSz&.aX)PqB$","samuel.jennifer@biodevops.local"
"2""nhwIFy.)C6$","kyle.cynthia@biodevops.local"
"#97wu8,DO""vi$","ross.amy@biodevops.local"
"uQRk#-L8+!d9$","linda.keith@biodevops.local"
"7$R8DVt.Q+IB$","melissa.kathryn@biodevops.local"
"8QkL7$woB.th$","donna.cynthia@biodevops.local"
"O)CKtlnS8D*r$","corey.gerald@biodevops.local"
"kf-2qHWvBt9G$","richard.troy@biodevops.local"
"D4sdMKp/Fn+q$","marissa.alexander@biodevops.local"
"+JWk2p7gaHKM$","teresa.kelsey@biodevops.local"
"D&sU-Zv(rjkP$","john.fred@biodevops.local"
"O.cnHZ89Bm5C$","brittany.emily@biodevops.local"
"LTdqPDMG,#$($","kaitlyn.jason@biodevops.local"
"P*)Jy09,fivV$","joshua.dr@biodevops.local"
"K4-itV&9FRH%$","shelly.james@biodevops.local"
"Q*!b#YNofl/t$","michael.jessica@biodevops.local"
"IP$asdfgw1RQ$","john.david@biodevops.local"
"N681iRv""glfA$","lisa.hunter@biodevops.local"
"$9Ae+GL2E*'O$","douglas.travis@biodevops.local"
"6r&7wKYpU0'D$","james.george@biodevops.local"
"P6)RQ3Mp""2LS$","chad.michael@biodevops.local"
"YVCF+*73Xp-y$","vanessa.daniel@biodevops.local"
"JsO(HvNVr&kS$","lisa.daniel@biodevops.local"
"/Jb,*#K5v&lc$","carlos.kathryn@biodevops.local"
"HVrjBEQ&Ozal$","charles.ashley@biodevops.local"
"guiq!E+)Y""dt$","paul.garrett@biodevops.local"
"%G)b/MfuBol-$","michele.jacob@biodevops.local"
"bnry1u,EwP&c$","daniel.curtis@biodevops.local"
"dVA7X2rH8!Fq$","lawrence.kathleen@biodevops.local"
"/1p""hRG'gfuj$","ronald.rebecca@biodevops.local"
"x""iRvl3H%Db4$","cindy.kathleen@biodevops.local"
"2&mFagreLC'+$","kenneth.kimberly@biodevops.local"
"*NdCt!h-b%,a$","terry.scott@biodevops.local"
"Ci1U.Y63Jbgd$","jeffrey.steve@biodevops.local"
"V)c+5YnQ40wb$","mary.austin@biodevops.local"
"Ii,QNrkGwsVy$","diana.elizabeth@biodevops.local"
"BA5H!'I-0Q3($","kayla.john@biodevops.local"
"to9rPxIVLH!$$","katrina.justin@biodevops.local"
"!Jzn8Z67Ll*j$","kathryn.debbie@biodevops.local"
"5d,flIAMG4#U$","katherine.brian@biodevops.local"
"8g9eyV""TQP7c$","katrina.brian@biodevops.local"
"eO)LP7m$0I,4$","adam.michele@biodevops.local"
"Q4$Z7!SqI1P'$","alyssa.katie@biodevops.local"
"M'RxO8pvt4kF$","michele.dylan@biodevops.local"
"r3C-9jNf47T($","joseph.angela@biodevops.local"
"5-!wRaku#zIS$","dawn.rebecca@biodevops.local"
"3vm5#GZA&!7f$","shannon.angela@biodevops.local"
"8*SaJZA7G1!&$","amanda.paige@biodevops.local"
"M'xQ7lJftCGR$","taylor.julie@biodevops.local"
"vLG&RQz9r)ht$","shaun.brent@biodevops.local"
"x/ZEJNM,kqWn$","ronald.anthony@biodevops.local"
"#+9HRMa0$n*z$","juan.jessica@biodevops.local"
"BQcnoLS!hvK#$","sandra.pamela@biodevops.local"
"yxOp1VnshC62$","julie.matthew@biodevops.local"
"qTISE*hAtaBX$","patrick.warren@biodevops.local"
"+4GlLjh8RD(-$","corey.daniel@biodevops.local"
"O.2QCsPSB)87$","zachary.david@biodevops.local"
"tkQx$SRy%CMg$","sally.dawn@biodevops.local"
"HgcT,qmWZ0IO$","shane.craig@biodevops.local"
"jwvHiI15hA'f$","lisa.john@biodevops.local"
").&I!ZY$l,oA$","jose.lynn@biodevops.local"
"q!7gnRyk/+YU$","john.nicole@biodevops.local"
"4j*kG-m)%Kzd$","derek.ronnie@biodevops.local"
"DbZ6yVjhRmTU$","amanda.robert@biodevops.local"
"zeQ#B%K(gD&*$","daniel.tiffany@biodevops.local"
"u4dhstn.jDpw$","sabrina.amy@biodevops.local"
"odwtM%PG1,H)$","sandra.patricia@biodevops.local"
"caIvf%UL2N/""$","brandon.patrick1@biodevops.local"
"0v%(356h+4'I$","amy.jason@biodevops.local"
"""y9LZ,+pC!jg$","jose.charles@biodevops.local"
"psz/0S)eYQBd$","trevor.cassandra@biodevops.local"
"fcx($Q+-uWkg$","olivia.dennis@biodevops.local"
"fS1ANZ%q8XV/$","joel.tara@biodevops.local"
"odXe8VYb(&%Z$","dana.lisa@biodevops.local"
"RnTeAFhi)S(a$","elizabeth.william@biodevops.local"
"xtB$,jk!05lG$","sophia.jill@biodevops.local"
"VroIXya.LND5$","douglas.ruth@biodevops.local"
"E9e!v2l,ug%&$","justin.katherine@biodevops.local"
"3&krgaqF2s""W$","scott.joel@biodevops.local"
"-&DA#oE*Z2nS$","bonnie.cody@biodevops.local"
"OvCE)%5iWPID$","tara.matthew@biodevops.local"
"k3cbO7vTxNuQ$","matthew.james@biodevops.local"
"9KBisRG)u,Pn$","martha.kelsey@biodevops.local"
"R%9hxV)GJ-2s$","adam.james@biodevops.local"
"YrGZk9n6maQC$","jonathan.angela@biodevops.local"
".TBfXO7tWN&k$","stephanie.anthony@biodevops.local"
"Mq,Qk#i19BHZ$","julia.susan@biodevops.local"
"'MYjLxG*0y$v$","rebecca.kevin@biodevops.local"
"sfoZ02BeuzbR$","tracy.robert@biodevops.local"
"fgkxb4ru0hmq$","nicholas.paula@biodevops.local"
"J8Ui$5dKgbfp$","samantha.david@biodevops.local"
"W#5XFTQ""xak6$","sandra.kimberly@biodevops.local"
"t%7YxQ0F'Aqc$","melissa.jill@biodevops.local"
"anxYZl62L'SP$","shelby.sherry@biodevops.local"
"x&i#wnbhUD09$","william.kevin@biodevops.local"
"cIFdoaKyiXrS$","jacqueline.tammy@biodevops.local"
"h'#zN0Uwoj5$$","kathryn.peter@biodevops.local"
"x*+5NPuZSU$y$","katrina.david@biodevops.local"
"I""Vq3Ka5*kb2$","laura.jeffrey@biodevops.local"
"+s5U82Px)SQI$","tracey.jeremy@biodevops.local"
"Tloia3xZ.cQu$","katherine.jeffrey@biodevops.local"
"ZlvMR+bi/h!z$","luis.christy@biodevops.local"
"I7wnvW.pc5&e$","gregory.lori@biodevops.local"
"iP6w7U!A%X,Y$","oscar.kathy@biodevops.local"
"(rksm%qHS./g$","robin.walter@biodevops.local"
"2HFzpc58C(.l$","james.jennifer@biodevops.local"
"+jK.ikvQ,Axs$","kelly.tim@biodevops.local"
"Z+Au'X-L/Fbv$","paula.benjamin@biodevops.local"
"1zQ%lk$6O,o'$","david.erica@biodevops.local"
"BPvjd)kS'hof$","david.pamela@biodevops.local"
"SdvzM6VIuyWT$","kristie.andrea@biodevops.local"
"+'Qa%MJStCj7$","joseph.larry@biodevops.local"
"ku43&mbO1!0$$","richard.elizabeth@biodevops.local"
"cr8Pn3mOlQ/U$","aaron.sarah@biodevops.local"
"T#RgDCpE/-Jc$","jorge.amanda@biodevops.local"
"(*DzIJyA.2wm$","leroy.dr@biodevops.local"
"rA""MyE,ji&sJ$","michaela.daniel@biodevops.local"
"HwmL/O'9+2hk$","julia.christopher@biodevops.local"
"pbJ4(%-eF/12$","patrick.anthony@biodevops.local"
"rp0,#QkK5M+v$","scott.richard@biodevops.local"
"XGzn!Wsye#+m$","shawn.rita@biodevops.local"
"rU#(v""mQZ,N'$","bradley.lisa@biodevops.local"
"iTo.rQXazL9J$","oscar.julie@biodevops.local"
"eYp""/P,GByn!$","katherine.lisa@biodevops.local"
"W'QfTrXV$e*N$","albert.seth@biodevops.local"
"SbKM""#5z$3/d$","timothy.cindy@biodevops.local"
"liWTJ#r(nL)$$","courtney.brian@biodevops.local"
"wA6N2lBu3txd$","peter.justin@biodevops.local"
"hQwEbWu.5(Ip$","michael.timothy@biodevops.local"
"2L1HE#vdA37n$","eric.richard@biodevops.local"
"'tknDzvLB+*7$","felicia.lindsey@biodevops.local"
"TQURPpu$E59g$","julia.jennifer@biodevops.local"
"PwxKu/N2ih78$","patrick.michelle@biodevops.local"
"Y7fLM5rineU4$","travis.jacob@biodevops.local"
"oFt.I/aMCfB5$","andre.emma@biodevops.local"
"x1Fsmnrg30z2$","kristy.tyler@biodevops.local"
"%Q91Tl7CD0MO$","carrie.megan@biodevops.local"
"Efo.i4pnW*D'$","victoria.roger@biodevops.local"
"rxWvA#.""dYXS$","samantha.sean@biodevops.local"
"VxRs,qKL""4Pf$","miss.betty@biodevops.local"
"P.BahgK*LU#i$","vanessa.bryan@biodevops.local"
"K2ubDdT""#VQG$","darren.carolyn@biodevops.local"
"bkSywEMTltjJ$","james.amanda@biodevops.local"
"JqTW4!R6sQk7$","danielle.brendan@biodevops.local"
"2bxIh0y(u&tR$","natalie.crystal@biodevops.local"
"ioXuk2RT7Jy-$","andrew.angela@biodevops.local"
"#*XdNr&O+kbS$","molly.luis@biodevops.local"
"IZ1Y$MkgV5J.$","matthew.mary@biodevops.local"
"Lz8PoE3d+M&B$","emily.james@biodevops.local"
"+obZl840-UGs$","charles.david@biodevops.local"
"d26OC1o%tQ#v$","debra.mary@biodevops.local"
"I-aBNh/%pg*o$","pedro.david@biodevops.local"
"Jn-A$Z#uVzW5$","stephen.shelby@biodevops.local"
"-z5$OmMe0Ca!$","drew.corey@biodevops.local"
"8,VuHwo/nstP$","katelyn.dr@biodevops.local"
"39!BnN'DthSM$","mark.andre@biodevops.local"
""".RwZHYNa/FP$","cynthia.stephen@biodevops.local"
"K7bC#Ocv(pXj$","jack.michael@biodevops.local"
"7a(MAC%Z-q+T$","connie.misty@biodevops.local"
".sAz%""Zfh+mc$","daniel.tonya@biodevops.local"
"Vu4/ReQC7nNq$","jennifer.scott@biodevops.local"
"JlRAsEN/cMi$$","heather.john@biodevops.local"
"+mx3)XL$'7tH$","mary.amber@biodevops.local"
"#IPZ%pJNTCi0$","jason.christopher@biodevops.local"
"U01K69RGb27y$","mary.sabrina@biodevops.local"
"7WKx!S$t""zRV$","amanda.thomas@biodevops.local"
"T""aqsj6#f7uJ$","kevin.joshua@biodevops.local"
"RoIqysHPztUg$","joshua.laurie@biodevops.local"
"Fg+c&5R7tEBP$","scott.robert@biodevops.local"
".FGS64h%Zt3m$","devin.michael@biodevops.local"
"eZ""F9$g4XPHk$","gregory.april@biodevops.local"
"&T#6fgj/B!Pm$","juan.jennifer@biodevops.local"
"jrB*hdsM/b)6$","melvin.patrick@biodevops.local"
"N&/vhIG9yTsF$","matthew.steven@biodevops.local"
"yNrAq82SeDtk$","sandra.sara@biodevops.local"
".Hj8oA""Wip4q$","pamela.douglas@biodevops.local"
"v9YNZIQ&fg!l$","monique.garrett@biodevops.local"
"*cTl/Kq0GX)Q$","amber.alicia@biodevops.local"
"'P!IGeHQR""&c$","dominique.kimberly@biodevops.local"
"-HXjK(lD2bVU$","melanie.lindsey@biodevops.local"
"Orh5zq,WCnT-$","joshua.hannah@biodevops.local"
"wpVY4boXz%Q9$","mark.sarah@biodevops.local"
"HKzd*f2JytYw$","tony.karen@biodevops.local"
"E$cAT(PCSnlu$","cody.mary@biodevops.local"
"hKJv50(Fgd8I$","christian.alexandra@biodevops.local"
"hvofeQySJ""gT$","jermaine.samantha@biodevops.local"
"-A4Xd$Vl0EMI$","maria.kerry@biodevops.local"
"t1ehaDUdXm3g$","joseph.john@biodevops.local"
"7ZxN&.*(eJXj$","eric.rebecca@biodevops.local"
"t)g!jk3/(+7$$","joshua.scott@biodevops.local"
"j7(U0PTc8IAO$","leslie.brian@biodevops.local"
"""$rv.zl#CdQp$","zachary.mary@biodevops.local"
"lTvD&sU'74wa$","lisa.anthony@biodevops.local"
"GvWdgTUukz!c$","jamie.laura@biodevops.local"
"N""eAxupimoTZ$","jeremy.alicia@biodevops.local"
"hbNd+x$Ll#CJ$","kara.albert@biodevops.local"
"5vk.oSf6-e9G$","andrew.william@biodevops.local"
"E4tFoTwNLVkg$","ryan.erica@biodevops.local"
"az5vOxguH8Ks$","kimberly.tyler@biodevops.local"
"Seh0""tBmNro1$","steven.ronald@biodevops.local"
"fz7W(tRjlg0x$","andrew.kimberly@biodevops.local"
"!mJODhY-K4WI$","joseph.keith@biodevops.local"
"OPVaDtI8(1Ti$","laura.christine@biodevops.local"
"lJEW""GSIz(#/$","shane.jodi@biodevops.local"
"GceSLN&(PO-D$","jamie.maria@biodevops.local"
"4#/Kjp*BExfa$","andrew.dakota@biodevops.local"
"gn39cadxIGs,$","kirsten.jennifer@biodevops.local"
"yOQN9%U/YhPi$","karen.michael@biodevops.local"
"1&'QSdsjVmPb$","melissa.michael@biodevops.local"
"6PxOI5KdCmJ&$","luis.jason@biodevops.local"
"(4VwnN-xC5Eg$","blake.charles@biodevops.local"
"09Utv(/aX6BF$","jill.michael@biodevops.local"
"BLO5$D""7pNQr$","joseph.misty@biodevops.local"
"vgu!0%5-d3UN$","sherry.jesse@biodevops.local"
"px8ADISiR*7O$","lawrence.brian@biodevops.local"
"8JNZY-Pd7Lhc$","linda.leslie@biodevops.local"
"lZ%qVMC&x)$2$","evelyn.phillip@biodevops.local"
"/y9Ws.7YU-To$","kenneth.marissa@biodevops.local"
"0JkEo6bDuI(9$","timothy.michael@biodevops.local"
"F!Djv""t(0G#C$","emily.casey@biodevops.local"
"XW/*0z""8sqyL$","jose.daniel@biodevops.local"
"e*q'l$!YLNmn$","shelley.patrick@biodevops.local"
"KsADh$x6CXol$","timothy.stephanie@biodevops.local"
"SXx&9/6,(UKC$","michael.rachel@biodevops.local"
"q0UEs1%ZxmCA$","micheal.leslie@biodevops.local"
"+QXHwlTtMG1o$","matthew.susan@biodevops.local"
".kKOnyJm/UAq$","austin.james@biodevops.local"
"Uq8Ktn$""Dh0&$","andrew.christine@biodevops.local"
"g9nr.bK*Nq4Z$","megan.joshua@biodevops.local"
"Pe$bsrDGSVEk$","barbara.robert@biodevops.local"
"%xzKsCamHqR9$","mathew.susan@biodevops.local"
"WhKZ)OG%07DM$","michelle.richard@biodevops.local"
"fBR1W!MKA9u&$","ronald.adam@biodevops.local"
"Q3jp4YH+y'qT$","taylor.jill@biodevops.local"
"juXCI'R%Gazr$","vincent.beth@biodevops.local"
"jpF27D1JM/OV$","tamara.james@biodevops.local"
"6nRIp&L'fog7$","cindy.paula@biodevops.local"
"g0qjo5*by&Tc$","mark.katherine@biodevops.local"
"2mja9pBDqlz!$","patrick.julie@biodevops.local"
"UlvWZ/VpHXNO$","joshua.jason@biodevops.local"
"+a8&Jip!#43M$","jonathan.christopher@biodevops.local"
"cX+,MPiZt#wG$","rachel.edward@biodevops.local"
"bSaCGJ1BWwn!$","cathy.vincent@biodevops.local"
"4!mbKjfXkeuE$","dr.michael@biodevops.local"
"/L*iMCJ$K2r+$","michael.emily@biodevops.local"
"k*SF4sb#TqRy$","katherine.richard@biodevops.local"
"B$FkcrDnLq(Y$","daniel.monica@biodevops.local"
"nQTCBoLzDF67$","carol.james@biodevops.local"
"$Mkz6YeobH0E$","courtney.alice@biodevops.local"
"MxmpC50jkPB+$","luke.lisa@biodevops.local"
"Y,LxzW%IjgH/$","jose.kyle@biodevops.local"
"6P-)r&.qSvHh$","stephanie.kathryn@biodevops.local"
"cZhkTmduHwWa$","victoria.amy@biodevops.local"
"Mdf7Z#b$aDwi$","edward.casey@biodevops.local"
"Mrib.5'%A&F9$","john.jason@biodevops.local"
"+WCZ(SrhlHQa$","beth.brianna@biodevops.local"
"S6Ry+,nqEW5c$","jonathan.jay@biodevops.local"
"/y6J$hbm+Z&A$","brianna.brianna@biodevops.local"
"xy10$ubH65tc$","patrick.rebecca@biodevops.local"
"g*D(TQrjHsKq$","christine.katherine@biodevops.local"
"5QYrR'wu0PTg$","keith.bobby@biodevops.local"
"e85K!SU(wh/u$","carrie.miss@biodevops.local"
")50b6S#1F-qe$","kristin.aaron@biodevops.local"
"rvSAe08V.(*p$","matthew.stephen@biodevops.local"
"#F.H3KxycMCs$","michael.rose@biodevops.local"
"fkG5RrCNVA3/$","michael.ashley@biodevops.local"
"w0#qf6j!8ym'$","scott.jeanne@biodevops.local"
"CGTczKiv7Nms$","james.william@biodevops.local"
"Ys*/v(at8P'g$","larry.brian@biodevops.local"
"HM#f*pI)xhX/$","theresa.martin@biodevops.local"
"95TA.ozN!xKn$","angela.travis@biodevops.local"
"-pUDF,%EokKA$","denise.charles@biodevops.local"
"nDTGb&MkiHWA$","jean.jane@biodevops.local"
"-7""56tjwdW.,$","jennifer.jessica@biodevops.local"
"v8KgHQ9sWp/o$","joseph.jeffery@biodevops.local"
"egri6$SAyq""I$","bailey.jesse@biodevops.local"
"gzU*iL.W+n,$$","brendan.natalie@biodevops.local"
"oglpd/X,EDy3$","tracy.jacob@biodevops.local"
"JY&$T-HV4*+a$","thomas.devin@biodevops.local"
"ZoFGNAkUy*RK$","ashley.rebecca@biodevops.local"
"tIqjDga.5$-w$","mary.stephen@biodevops.local"
"g3%K*Z.-j&o,$","james.melissa@biodevops.local"
"SBLa42joWQ&q$","john.elizabeth@biodevops.local"
"Q*vYl""3D5GMP$","alexa.wendy@biodevops.local"
"hoJkc%+1YyPC$","jacob.jason@biodevops.local"
"JE'+qFO*e/!U$","kathryn.gina@biodevops.local"
"IkdL+aiGoV'w$","amber.andrew@biodevops.local"
"Z5Q,rgY#jU70$","kyle.james@biodevops.local"
"BN""+ArFsKUvh$","maria.tyler@biodevops.local"
"n+/vGidsuacB$","abigail.brandon@biodevops.local"
"#RUanGcrxSHY$","megan.matthew@biodevops.local"
"gz+TOH&kd1c$$","margaret.shannon@biodevops.local"
"Q'PYLigJ+%F9$","leslie.elizabeth@biodevops.local"
"tK8,*'l4Tw#A$","jack.dr@biodevops.local"
"CJ31*PVg4Yqe$","steven.michael@biodevops.local"
"Wle9BmN$ZIjx$","terrance.derek@biodevops.local"
",Lb#oy*0X)I""$","tanya.sierra@biodevops.local"
"L9gqr7y2YSJf$","collin.kim@biodevops.local"
"3tUc&s2!(aMq$","stephanie.phillip@biodevops.local"
"f91byxvSh#DN$","erica.bryan@biodevops.local"
"t#ZV3$yc7rLv$","natalie.clayton@biodevops.local"
"TCb*W2hDtwYx$","caleb.randy@biodevops.local"
"!lkO-F/8+K(m$","william.hannah@biodevops.local"
"k6a$j+pg7t-C$","martin.diana@biodevops.local"
"q,p2a*MA0CZv$","elizabeth.peter@biodevops.local"
"S$""ctsXLZBb7$","diana.mario@biodevops.local"
"+KP$m'1sH/nC$","john.rebecca@biodevops.local"
"VEhWZ-Y(/.aF$","amanda.brent@biodevops.local"
"rTyc(hS6lD9A$","lawrence.kimberly@biodevops.local"
"wcNn*+BrTZA,$","john.theresa@biodevops.local"
"q35ZaCm!rJV7$","brian.denise@biodevops.local"
"xrD-SM*Qenmc$","lynn.jennifer@biodevops.local"
"%oCpanMHK.'B$","miss.mariah@biodevops.local"
"Bs6IULMioy2J$","tyler.victoria@biodevops.local"
"xVEsOnwv0#%t$","ronald.gary@biodevops.local"
"E.QTs#OzC'$a$","justin.brandon@biodevops.local"
"EbO8$tQWx71/$","michael.dale@biodevops.local"
"Kr+n%etCx0'l$","matthew.jonathan@biodevops.local"
"u.4H#+zWNKMT$","rodney.ann@biodevops.local"
"P9!Q,oZOJmY""$","janice.rebecca@biodevops.local"
"EZ$Pxq,tbOS9$","charles.bruce@biodevops.local"
"J(.kKT)$af+Y$","melissa.christine@biodevops.local"
"ct5TKeIC9O$M$","tracy.jennifer@biodevops.local"
"s43FAGOX8rIj$","reginald.morgan@biodevops.local"
"4rA9'0hS-loU$","jennifer.kaitlyn@biodevops.local"
"QwJMic*ubDmX$","anthony.david@biodevops.local"
"""a368l)NB!g0$","stacie.rachel@biodevops.local"
"7eZQ&z%yXbWo$","dennis.gregory@biodevops.local"
"cC9h8TydVvuk$","ashley.victoria@biodevops.local"
"c1DsqoLrUR'v$","melinda.jimmy@biodevops.local"
"-SvJB7m6Vp29$","james.christina@biodevops.local"
"NHY'27uOd483$","christopher.jessica@biodevops.local"
"/fxzRN'5A+Ov$","tony.john@biodevops.local"
"em9inOMP-o!+$","maria.michael@biodevops.local"
"-i&IvOS3ut7,$","patricks.natalie@biodevops.local"
"%1S0Ead'YIbR$","richard.jessica@biodevops.local"
"iZc1.M2u$Jqo$","kyle.matthew@biodevops.local"
"*!FXIuyD.dv,$","kim.francisco@biodevops.local"
"2'vI&lS8jKhr$","james.jessica@biodevops.local"
"U48Q*FjiHGAJ$","marisa.dylan@biodevops.local"
"WPy3hpNe8u/o$","kimberly.sherri@biodevops.local"
",-TW6w3CDa#P$","karen.dr@biodevops.local"
"XcNjRslSo5/u$","melissa.robert@biodevops.local"
"ns*+KX3T-L9r$","brandon.emily@biodevops.local"
"P/,&2HjYFR'K$","dr.sharon@biodevops.local"
"G0Zn&%2#8u/l$","andrew.randall@biodevops.local"
"+XqZCWU30)%K$","joshua.lynn@biodevops.local"
")*304pQPAGZe$","christopher.kathryn@biodevops.local"
"QD4tOu3fYqLR$","thomas.michael@biodevops.local"
"JD7vF6nO9'$($","karen.amanda@biodevops.local"
"0*bT-GOJBsjk$","meagan.heather@biodevops.local"
"Af,Tv2NZWd*3$","robert.david@biodevops.local"
"+)#.bOcT4F*v$","jordan.ernest@biodevops.local"
"m!C4/52t-gvF$","janice.christian@biodevops.local"
"Q.gq3'ju8Rby$","alyssa.zachary@biodevops.local"
"og(Mm$fr1T+D$","david.jennifer1@biodevops.local"
"XI,w(p1%Fga7$","gabriela.daniel@biodevops.local"
".2Rp#6BfTjm""$","patrick.cynthia@biodevops.local"
"209Aag%*'jw&$","kimberly.eddie@biodevops.local"
"OErHLn7aifx5$","joshua.carrie@biodevops.local"
"osDOZ!Yk3Gi0$","tyrone.emily@biodevops.local"
"S4YmUv0AVrI.$","kristina.leslie@biodevops.local"
"ow.,VLm4YB6d$","teresa.ronald@biodevops.local"
"lHr*pM1kjuDq$","seth.kimberly@biodevops.local"
"MLXlmcJ'FU-0$","nicole.jeffrey@biodevops.local"
"R9NMrA*GEyOW$","laura.lisa@biodevops.local"
"E2.WfKHt""I'0$","joan.gary@biodevops.local"
"42eHO*+sbBDu$","gabrielle.brandi@biodevops.local"
"dq'BguH2Mi3V$","nancy.susan@biodevops.local"
"'WZl76uPxoEN$","jonathan.ana@biodevops.local"
"+J,qBXNKI$H9$","andrew.michael@biodevops.local"
"Poj&,x'(D3/R$","angela.kristina@biodevops.local"
"c-uPTwqgI4!E$","alexandria.debra@biodevops.local"
"2e.Zw$ET)xyD$","melissa.curtis@biodevops.local"
"b1""m2nBkp(y6$","francisco.gregory@biodevops.local"
"TQjz-)'KntI($","timothy.sean@biodevops.local"
"iaB+5HJbrRkS$","scott.kayla@biodevops.local"
"sbtCu0fQ9.#W$","robert.belinda@biodevops.local"
"b6Ae&Y2PfOgB$","keith.christina@biodevops.local"
"p5#Kne73kZQw$","kevin.mary@biodevops.local"
",+C8FkZ0PNgT$","clayton.jill@biodevops.local"
"10yjZN48#Kh3$","tara.amanda@biodevops.local"
"sMVABHy74l3C$","zachary.janet@biodevops.local"
"OtI8ykchTo/x$","julie.emily@biodevops.local"
"PpW-y5AO,*jD$","victor.jessica@biodevops.local"
"$qsX/PaG3Ecw$","daniel.cory@biodevops.local"
"4-k*ej!A(X78$","leon.raymond@biodevops.local"
"!rJkCPhZ-,*g$","patricks.brian@biodevops.local"
"Go%diXZT(0I!$","molly.christopher@biodevops.local"
"XF/7erh)y932$","ana.david@biodevops.local"
"DCfcMAha%,2w$","tyler.kimberly@biodevops.local"
"NBfIT%ilhkK""$","james.sheila@biodevops.local"
"VRyd#EleA-/B$","stephanie.edward@biodevops.local"
"mwZgkzFL4uo#$","danielle.ian@biodevops.local"
"!$owU4-D(FX'$","nicholas.sandra@biodevops.local"
"oK/kev,0q3+C$","robert.jacob@biodevops.local"
"+mbX#/)KgGWF$","cole.lynn@biodevops.local"
"1MF!o$VKxpRs$","robert.matthew@biodevops.local"
"4d'Z09-Ei&hD$","julia.christopher1@biodevops.local"
"MKFiR6kh1mBt$","lindsay.rhonda@biodevops.local"
"e*f)Egm12&nb$","juan.jasmine@biodevops.local"
"nsByXwYJ$4Oj$","stephanie.john@biodevops.local"
"vA$LDOl(iXE,$","michael.adam@biodevops.local"
"W$gpxhf8+Gq/$","john.john@biodevops.local"
"sF.CgN4&#HU3$","patrick.daniel@biodevops.local"
"1iv'""rE$DHRz$","michael.daisy@biodevops.local"
"EY+9&uvhgrbR$","michele.jo@biodevops.local"
",oR3ezpcbNZW$","joshua.christina@biodevops.local"
"6!FuAUJr5s&h$","nancy.leonard@biodevops.local"
"U,qHvg7VP.hc$","heather.abigail@biodevops.local"
"D!PJ4lanmRh.$","tracey.ronald@biodevops.local"
"t%wy38R*'!5j$","jennifer.tabitha@biodevops.local"
"1,FD#UC'Tgtn$","elizabeth.linda@biodevops.local"
"4D2W3F1x,K*L$","patrick.sean@biodevops.local"
"*UYQcj$lG1y!$","johnny.jordan@biodevops.local"
"fyPTpw8%(jgc$","aaron.eric@biodevops.local"
"3U5e1Bfw(s.b$","lauren.rebecca@biodevops.local"
"i)FpOLUS%xd8$","raymond.richard@biodevops.local"
"xzVbZamUEJo/$","melissa.peter@biodevops.local"
"RiZ7bEXW/s81$","dean.teresa@biodevops.local"
"""l.5US#GB-Vx$","stephen.jeffrey@biodevops.local"
"rNvYHMnL2mhu$","melissa.jessica@biodevops.local"
"14(!ODgAfGwZ$","noah.juan@biodevops.local"
"NF9GDOP$5B1)$","jason.casey@biodevops.local"
"5&+#sdIUFi79$","lee.jennifer@biodevops.local"
"v'o9!uwSnY6h$","morgan.richard@biodevops.local"
"4Rkz&u$AWMvV$","stacey.martha@biodevops.local"
"*bSEfwN's%8i$","hector.david@biodevops.local"
"Pz2""Zi'qO+H/$","anthony.mario@biodevops.local"
"%q*yonQ.J""5Y$","carrie.andrea@biodevops.local"
"-U'6D5T9S""BX$","jennifer.melanie@biodevops.local"
"sERXOQWq+J3g$","christopher.tina@biodevops.local"
"th*.WCQm875f$","wendy.lori@biodevops.local"
"v0Kx6&a)7'/z$","daniel.jennifer2@biodevops.local"
"9SMzxuysPoAt$","luis.randy@biodevops.local"
"D9ow4tFVEjv/$","steven.donna@biodevops.local"
"sl2e(Xo4fbpx$","joe.jennifer@biodevops.local"
"d""R'yAjXMULt$","allen.anthony@biodevops.local"
"0""ZoODtYkQ62$","timothy.patricia@biodevops.local"
"(d*294z6MXyQ$","matthew.patricia@biodevops.local"
"Eauk""Y.XUNc%$","evan.april@biodevops.local"
"LQP-jT""W$ZgH$","william.jennifer@biodevops.local"
"vGa6-lhpCBJt$","martha.danielle@biodevops.local"
"ejx$bA3u0*N/$","tiffany.alexander@biodevops.local"
"bqRhHl"".&%IB$","anthony.rebecca@biodevops.local"
"wdA8mWN#'e(Q$","stephanie.ricky@biodevops.local"
"NW""5sLrh,Ajt$","robert.stephanie@biodevops.local"
"yz7JCZo/E3A#$","whitney.jaime@biodevops.local"
"OCQ176u4(#'e$","jamie.david@biodevops.local"
"jo#!Z*WxXc6b$","julie.amanda@biodevops.local"
"3uaK""z0Wk,DZ$","joseph.jonathan@biodevops.local"
"LtWj""C!zJmb,$","laura.julie@biodevops.local"
",Qc$KxmZN*S+$","teresa.devon@biodevops.local"
"JC431-IvNqM/$","julie.steven@biodevops.local"
"$7w""SC*JOs6j$","nathaniel.andrew@biodevops.local"
"BR.PJ6Dhjg93$","david.patty@biodevops.local"
"(,T'IQ*byl1%$","joanna.richard@biodevops.local"
"CvW#)z&E86+i$","ashley.terry@biodevops.local"
"9,#1sY-/$8e&$","mary.richard@biodevops.local"
"X!eCOHozL9*M$","sarah.jessica@biodevops.local"
"5+fi'0NVh!L/$","pamela.michelle@biodevops.local"
"no.kFLH7+tU/$","lauren.regina@biodevops.local"
"Re(,1w/ZJDdM$","melissa.richard@biodevops.local"
"kpMQ!fuiOUtW$","casey.walter@biodevops.local"
",V-tDk+%*r6U$","daniel.jennifer3@biodevops.local"
"76AaskbcF3('$","kayla.michelle@biodevops.local"
"EiK#)V,7Afhu$","heather.joseph@biodevops.local"
"&FoaS-KABx(w$","eddie.tammie@biodevops.local"
"D""&3M#5KC9ac$","jeffrey.candice@biodevops.local"
"F(hSj5%BZAVL$","laura.tanner@biodevops.local"
"7LU&O20y,gGA$","janet.kimberly@biodevops.local"
"%phLyOU+0nM($","brandon.michael@biodevops.local"
"odbTn9YEi1mD$","heidi.julie@biodevops.local"
"LOQs-MmI+)w0$","andre.melissa@biodevops.local"
"#FjeJhwDSM2L$","jason.trevor@biodevops.local"
")T'C5LiI0t&-$","adam.barbara@biodevops.local"
"136R/qb'%O9($","kathy.eric@biodevops.local"
"x,mV1dtXo!BU$","melissa.anthony@biodevops.local"
"%XTzB#""Eryxa$","samuel.patricia@biodevops.local"
"oe/I0jsLy%a&$","carla.christy@biodevops.local"
"oI$.T(UPS9&n$","nathan.alvin@biodevops.local"
"ka""FHQ,jtiOv$","brian.brianna@biodevops.local"
"jY/wE81WS'6L$","jennifer.patrick@biodevops.local"
"tk#RO&yF%Mfs$","michael.monica@biodevops.local"
"rYeh(xo6R.2S$","christopher.michael@biodevops.local"
"KI+i!v-*b38j$","elizabeth.sandy@biodevops.local"
"D/27(*vqyRAo$","chad.angela@biodevops.local"
"ba*'K$""m0dYp$","pamela.maria@biodevops.local"
"lKC%kE&Iri(7$","robert.stacey@biodevops.local"
"UmpP+7i*RkTW$","brittany.brian@biodevops.local"
"v-iP""cnb.S!*$","sandra.matthew@biodevops.local"
"h*3S&D$qeXBR$","meghan.cynthia@biodevops.local"
"""$xzC1hEM%-0$","danielle.william@biodevops.local"
"qD,Mp3(VwF9/$","christine.james@biodevops.local"
"nUc7Ale4P$Vw$","brian.victoria@biodevops.local"
".(8r#UFuS""T)$","jessica.autumn@biodevops.local"
"D0S""#VJx5)!P$","nancy.christopher@biodevops.local"
"IQ.z#x-tWg!6$","alec.emily@biodevops.local"
"3&v6QLq4neO-$","sonia.vanessa@biodevops.local"
"tGMTDZ5.R)mF$","stephen.oscar@biodevops.local"
"Jez0'(""23RWm$","dennis.michael@biodevops.local"
"q+AO6'/zHmYr$","stephanie.jordan@biodevops.local"
"s&oKTl$/nCpg$","christine.joseph@biodevops.local"
"DEp9/0Tg84x#$","edward.james@biodevops.local"
"q)Yn4rIpC+X'$","karen.melissa@biodevops.local"
"$rJv.K-CBp""L$","billy.david@biodevops.local"
"GV4'vE&SYKzR$","andre.karina@biodevops.local"
"'K)ChgW/jk%1$","amanda.dustin@biodevops.local"
"2np,biO%dq10$","peter.sophia@biodevops.local"
"roYb4&9""uPsU$","jose.andrew@biodevops.local"
"O$-4iFtD'AKz$","kristie.heather@biodevops.local"
"S7sN0b*PWr,8$","melissa.christopher@biodevops.local"
"#RvWlLx/!%uC$","darryl.anthony@biodevops.local"
"wrBiEz1LF&""S$","lori.anna@biodevops.local"
"'w%4&IdNLm8($","shawn.kathy@biodevops.local"
"%Ug13q8fschz$","christopher.april@biodevops.local"
"loEa&T.rWyz*$","richard.michael@biodevops.local"
"j6G1v+UnI)$p$","james.craig@biodevops.local"
"GThzuv/OcRjt$","leslie.kelly@biodevops.local"
"zB!oxlJX-,FQ$","leah.melissa@biodevops.local"
"4sm5jJAI""hVK$","brent.connie@biodevops.local"
"zlcgv.RZmbX7$","aimee.michelle@biodevops.local"
"1EqB-3P!hl%r$","joseph.caleb@biodevops.local"
"KONXlzRM-7xC$","dr.michele@biodevops.local"
"0.2wH$-oQTdy$","kimberly.mathew@biodevops.local"
"neNoF)QKu#(.$","johnny.willie@biodevops.local"
"-59*Uem%KFad$","patrick.gregory@biodevops.local"
"9YC5""Ush+&ti$","carl.diane@biodevops.local"
"l2wxuo6-jBYL$","william.alex@biodevops.local"
"Da%qoM#Rg,E.$","christopher.denise@biodevops.local"
"yzM(Ev,xC)bZ$","charles.david1@biodevops.local"
"C""D,Sapkq)V2$","alex.rhonda@biodevops.local"
"/Rhg&tOLVB1q$","jessica.timothy@biodevops.local"
"6'0k/$I)sxc2$","michael.ronald@biodevops.local"
"6qhAouMCxjkN$","james.jason@biodevops.local"
",s%x#b)+tmaH$","patrick.peter@biodevops.local"
"&h(*fBjKrO'w$","brent.richard@biodevops.local"
"%O'""aMqugJ$V$","jordan.ryan@biodevops.local"
"%4Jm2!7-,IMx$","mary.katrina@biodevops.local"
"1k#fze!+9(.W$","mark.andrew@biodevops.local"
"k!5PId7-8qTR$","katherine.antonio@biodevops.local"
"36rxXL%kNTy$$","jody.shirley@biodevops.local"
"+Y1PnI9D""-Gu$","andrea.marcia@biodevops.local"
"E,zGJN/K#T.3$","kathryn.barbara@biodevops.local"
"ty'!SoGBs*Fz$","theresa.justin@biodevops.local"
"GKv1PHebnwxM$","casey.thomas@biodevops.local"
"K+""4jH8k&N1u$","todd.stephen@biodevops.local"
"QW%K8$3quFIR$","kristi.john@biodevops.local"
"%#&B.c93C6Sz$","kathy.shannon@biodevops.local"
"09ib-$QDE%#y$","christine.victoria@biodevops.local"
"QhKRIbwDJ3os$","heather.melissa@biodevops.local"
"B78WAeVSt$bQ$","matthew.laura@biodevops.local"
")sB2d/hxQ5oY$","angelica.matthew@biodevops.local"
"38TwB'""hEN,R$","rhonda.ryan@biodevops.local"
".uf/*5bF0+!)$","kevin.samantha@biodevops.local"
"1u5I0oJgUF4i$","mary.kathryn@biodevops.local"
"-V&z$v+NgTmb$","joseph.kristin@biodevops.local"
"Qf0(%/tmUaTg$","shannon.jennifer@biodevops.local"
"5aI26d93Jfkr$","joy.katherine@biodevops.local"
"JuL5w6CN,pEq$","ashley.lauren@biodevops.local"
"b*-lu7f4vr8I$","melanie.tonya@biodevops.local"
"PhX7sC1Bbz&J$","lauren.david@biodevops.local"
"7cYyk)LGK&20$","gregory.tara@biodevops.local"
"HlXTaO-J%jS($","janice.jeremy@biodevops.local"
"vj(xqD*,PM2r$","leon.anne@biodevops.local"
"9bMW$VRcexBo$","greg.michelle@biodevops.local"
"znfRk6uECrK$$","richard.stacey@biodevops.local"
"oJErn6xUWp.q$","kimberly.john@biodevops.local"
"a.y,G%&-i5!j$","julie.patrick@biodevops.local"
"yLE,M(ktW9V7$","jennifer.aaron1@biodevops.local"
"VI/""FQhPAEwf$","jerry.samuel@biodevops.local"
"cN!nyiB&/KTD$","gabriel.steven@biodevops.local"
"yl)u2K3bUewX$","shannon.ryan@biodevops.local"
"iXGV%aj#,6Jf$","brandon.jillian@biodevops.local"
"pT(OwX&mP!K$$","wendy.angel@biodevops.local"
"-u9WzMU2+#%w$","barry.cody@biodevops.local"
"ilFX2nEs,$Ye$","jessica.charles@biodevops.local"
"JlQU'j)p2&(3$","jeffrey.lisa@biodevops.local"
"DM%TWEVkY5rq$","michelle.sarah@biodevops.local"
"n.5%7-x,hM2O$","patrick.lori@biodevops.local"
"4Mwq*r+""izX-$","edgar.erica@biodevops.local"
"EW0YA)!T&wD6$","susan.susan@biodevops.local"
"foJv4Dae,GlL$","carlos.casey@biodevops.local"
"TY&)GCJw0'7r$","stephanie.tyler@biodevops.local"
"(0D1JzCo+&,k$","christopher.sarah@biodevops.local"
"8ho2SXrR/'d5$","julie.maurice@biodevops.local"
"yx7lEj""HR9V!$","pamela.jessica@biodevops.local"
"8WByYhr4uCa2$","sarah.kevin@biodevops.local"
"Ro9ZA8"".L'Ik$","brenda.chase@biodevops.local"
"j""xHO4GSZTp$$","kevin.ashley@biodevops.local"
"QUtWCX-bf$*A$","john.brenda@biodevops.local"
")ZqAfcoaUbES$","lisa.joseph@biodevops.local"
"9$R7#SIvzyt/$","donald.christopher@biodevops.local"
"DXPC'5)K-0*3$","robert.dr@biodevops.local"
"sV#$u2twd3XZ$","morgan.christine@biodevops.local"
"s/YAjr047hxB$","ashley.daniel@biodevops.local"
"l3Ds-KWVn0z6$","laura.corey@biodevops.local"
"e7#F1oP)DzuQ$","paul.heather@biodevops.local"
"xY*3NSz-lcA0$","james.michael1@biodevops.local"
".,SClEb/-P)L$","shawn.matthew@biodevops.local"
"Kg8-.WI9%y3t$","chad.christopher@biodevops.local"
"p3X9us1wyNtQ$","miranda.christopher@biodevops.local"
"tn$2igCqk&IY$","sheila.michelle@biodevops.local"
"fj!RgVZ#vBz&$","chris.brent@biodevops.local"
"x3c1G#Fv05nO$","william.donna@biodevops.local"
"c5aKQB%!Nn9X$","christopher.jenna@biodevops.local"
"R2GPOYcJhtvg$","kathleen.shari@biodevops.local"
"uztdT!a6)oWg$","jennifer.roberto@biodevops.local"
"""Ks1Cxy#9Ng)$","rodney.timothy@biodevops.local"
"q1PeQ/iJuodE$","lisa.bobby@biodevops.local"
"9T4).3Zv'BwW$","sonia.sarah@biodevops.local"
"Vhk4'gj!x-WL$","jordan.anne@biodevops.local"
"ndDwB9VY!fm($","jasmine.crystal@biodevops.local"
"E+#&Ptfp,%gs$","jennifer.randall@biodevops.local"
"L3oBEXQ7CsT0$","jasmine.karen@biodevops.local"
"b2hK/O#G71BQ$","tami.stacey@biodevops.local"
"#wneQ3arpT5E$","michael.paula@biodevops.local"
"%psHO/'enyCK$","donna.timothy@biodevops.local"
"ApD5Y-$(NqSg$","anne.rachel@biodevops.local"
"SWDf6bgZ2tQz$","amber.lawrence@biodevops.local"
"sgpI#Q&U""5Z$$","randall.rodney@biodevops.local"
"6/$TmqW+)Bkb$","lawrence.cindy@biodevops.local"
"pY9""by3jNWC,$","phillip.gabriel@biodevops.local"
"wehM,fU9oH""t$","christopher.richard@biodevops.local"
"k1mO,.Cs8!0K$","stephanie.ryan@biodevops.local"
"LmZ&iTlG(gyv$","judy.rachael@biodevops.local"
"B%aJjXRVn7H+$","erin.erika@biodevops.local"
"zT40l5""MW*b%$","tamara.heather@biodevops.local"
"cYrvLDfmj2$3$","steven.christina@biodevops.local"
"ag9u5DdTnJ8Y$","lauren.kathleen@biodevops.local"
"mwx(1FefDA'V$","allison.travis@biodevops.local"
"u9FpGX$!&yPb$","michael.david@biodevops.local"
"r%z7fm93#v5$$","jessica.cindy@biodevops.local"
"/6%N$PMxsDQd$","benjamin.alyssa@biodevops.local"
"8Lsh6$f%!a5R$","latoya.susan@biodevops.local"
"K(F-WpUGgm$*$","justin.natasha@biodevops.local"
"8CYaO""+fLp&q$","dr.joel@biodevops.local"
"t#)uI0Hg43wz$","john.dawn@biodevops.local"
"hx+TkWKlu1bB$","claire.robert@biodevops.local"
"S!MIr.mkOU$y$","andrew.michelle@biodevops.local"
".hrG/M'uk4()$","david.karen@biodevops.local"
"zH""m'(Wigw$x$","marcus.john@biodevops.local"
"e(rt60vfW1Z8$","kathleen.rachel@biodevops.local"
"eF%TPIKB#1&X$","edwin.jacob@biodevops.local"
",FP+9(oMem'T$","sharon.todd@biodevops.local"
"&XN4yT2pH)oD$","bryan.rhonda@biodevops.local"
"(Aq3&LKIiPs#$","ronald.timothy@biodevops.local"
"c+Hya6DCgpj%$","matthew.timothy@biodevops.local"
"jd1*7,3x&fEJ$","jessica.mary@biodevops.local"
"S'-Ig86GaUOc$","julie.erin@biodevops.local"
"Q#q1RwYeH!Uc$","christine.jennifer@biodevops.local"
"K+I(&X3rCJa0$","timothy.jason@biodevops.local"
"7l8UZp6.VxP%$","jacob.david@biodevops.local"
"R80IPDTKVj3H$","gerald.jason@biodevops.local"
"pO6F/s4""-2%8$","lisa.nathan@biodevops.local"
"45LSpWvYQXqJ$","robin.rachel@biodevops.local"
"qNTLzga+ureD$","thomas.nicolas@biodevops.local"
"Lt-BfQEns*#K$","emily.david@biodevops.local"
"&6o""JnUlhdi5$","lisa.kelly@biodevops.local"
"L(KuYi7ORnAq$","mark.jennifer@biodevops.local"
"phswo%F/rIQJ$","alexander.ashley@biodevops.local"
"c9TP&#Y7)Il'$","michael.lauren@biodevops.local"
"O6C8E#5*Lb/Q$","daniel.william@biodevops.local"
"0wZoGMV+K.ax$","michelle.ashley@biodevops.local"
"avuo%Q""C253Y$","richard.gary@biodevops.local"
"mCnHMqK6-&+/$","gregory.rebecca@biodevops.local"
"#Re6($-TD9d'$","olivia.david@biodevops.local"
"dKSE1%'!w9qX$","christian.ashley@biodevops.local"
"5KlR6rcoOGb)$","terri.dalton@biodevops.local"
"yVbpn&kBeJDf$","rebecca.jacob@biodevops.local"
",!dv/ZQebKw*$","sarah.michele@biodevops.local"
"8OH!I7BoxY&*$","kevin.karen@biodevops.local"
"/h+U78VdK3$c$","joshua.michael@biodevops.local"
"tdrmUILkQ04+$","linda.john@biodevops.local"
"1jeHRBTtgivP$","cheryl.daniel@biodevops.local"
"E09eQNLb1+w""$","clarence.elizabeth@biodevops.local"
"eNX,wTpEG/sP$","christina.nicholas@biodevops.local"
"ekA8n4JI&LTB$","caitlin.isaac@biodevops.local"
"iXf$cZy0gNT-$","brenda.francisco@biodevops.local"
"nR*A3W%CdGEb$","michael.carrie@biodevops.local"
"rIm/FaH8C3e4$","stephen.bryce@biodevops.local"
"R9l3B&htTx(!$","john.amy@biodevops.local"
"%qG+,mX""L&BH$","dominic.cody@biodevops.local"
"L1,cKZ"".hHr-$","mark.jeffrey@biodevops.local"
")r!RVeuI8Gy($","cheryl.isaac@biodevops.local"
"i'dmA6UWFf$t$","sheila.monica@biodevops.local"
".a(v+GwJdirg$","chelsea.curtis@biodevops.local"
"B,#D13SLMO!h$","shawna.angela@biodevops.local"
"b47OEvJkw*.C$","garrett.edwin@biodevops.local"
"ieXj9P3Rbx0&$","chelsea.jennifer@biodevops.local"
"UCju,sn5'JX#$","steven.patricia@biodevops.local"
"Zto*i8XBcEwj$","carl.alexander@biodevops.local"
"COR0KIhdcD,5$","robin.julie@biodevops.local"
"$iu!HDor4X5W$","michael.brian@biodevops.local"
"op#J)YTNfv%H$","amy.lisa@biodevops.local"
"Mu*&zQ5x)sOF$","jesse.heather@biodevops.local"
"n6+U1""yKiXIG$","christine.allen@biodevops.local"
"HGcRZCl9gW(A$","mary.courtney@biodevops.local"
"-9RIze5HfyoZ$","kenneth.lisa1@biodevops.local"
"gwOF&S8BtV0M$","jason.anne@biodevops.local"
"vIwH)8t0Rf*J$","jacqueline.anthony@biodevops.local"
"s%Eob.6d)xDv$","rachel.andrew@biodevops.local"
"""urRtoP$Jahs$","nicholas.daniel@biodevops.local"
"FD-""qbxsv!zP$","allison.andrea@biodevops.local"
"GtduK)kWMLPz$","jeanne.isaac@biodevops.local"
"C.wJsAKM)nSm$","james.melanie@biodevops.local"
"s/5(cvM3WrG&$","madison.sean@biodevops.local"
"sQ1rqLB4,Jb7$","leah.michelle@biodevops.local"
"Ph8CmNkzrY9,$","sarah.julia@biodevops.local"
"Y!D6NJ2X8""eH$","brent.max@biodevops.local"
"Xj(ASbgD6Tar$","michael.samantha@biodevops.local"
")0""bjraBmwts$","tonya.casey@biodevops.local"
"cWE(NA&1IS$t$","george.sarah@biodevops.local"
"Ed1wM!')HP5t$","austin.rebecca@biodevops.local"
"lc4qX)sOFNdb$","cody.johnny@biodevops.local"
"HmT%RaD-,rG4$","kelsey.jonathan@biodevops.local"
"%Z0+YEq/wmPy$","michael.jonathan1@biodevops.local"
"S3,Yf4ANZ/q!$","alexandra.paula@biodevops.local"
"6N-4q0#j9k8f$","michelle.christopher@biodevops.local"
",lC6k%p'89ws$","jeffrey.angela@biodevops.local"
"KhBf't%CH01c$","reginald.brandon@biodevops.local"
"'Xb*JyfsILVg$","rebecca.nicole@biodevops.local"
"cgX6#*4wjQZ5$","hannah.jonathan@biodevops.local"
"FOKlrj4uZPE""$","trevor.alicia@biodevops.local"
"CwSU1mB!3#eH$","kyle.jessica@biodevops.local"
"-Zjl0/$Rip+h$","debbie.cassandra@biodevops.local"
"F4gv'kCa%dA($","dr.carolyn@biodevops.local"
"'laR5-Q*P,9f$","terry.robert@biodevops.local"
"HieBzNv*qP"")$","janet.james@biodevops.local"
"PCuFx50-q7""e$","gabriel.sandra@biodevops.local"
"FSl"")5xTweuG$","carolyn.ashley@biodevops.local"
"YAZs/4#Q3ocb$","kevin.kyle@biodevops.local"
"gszb0#SuyU6E$","anthony.rebecca1@biodevops.local"
"IEs4wAqVO3!D$","james.angela@biodevops.local"
"')8TL/vunm5*$","thomas.ellen@biodevops.local"
"v#P""c./1Lq30$","jeremy.charles@biodevops.local"
"Aq3I$ePbZfwv$","julie.matthew1@biodevops.local"
"I$vCK!h#H9uO$","gregory.linda@biodevops.local"
"+b)f.I*gBosw$","john.allison@biodevops.local"
"vNLxqKE1aAb+$","tracy.alyssa@biodevops.local"
"0R14QWDyBVx$$","bonnie.michelle@biodevops.local"
"FkPJ9T7zKea)$","gregory.christina@biodevops.local"
")v!gbG4akpsY$","shannon.angela1@biodevops.local"
"9%-mVLfiXFd!$","robert.marcus@biodevops.local"
"IxcPdTNgmO)D$","james.darren@biodevops.local"
"pIRcA+Nr'2qH$","renee.michael@biodevops.local"
"3ODPgU7V4bxo$","david.leslie@biodevops.local"
"NkF.H4i/yt*!$","heather.sara@biodevops.local"
"%pNgD.SHsUm8$","matthew.shannon@biodevops.local"
"wCtW+)$S4.rb$","megan.julie@biodevops.local"
"gNU)XE,bQ#/""$","courtney.patrick@biodevops.local"
"2O-#.pCX!V1Y$","jesus.jeff@biodevops.local"
"DMF2t+7/WaBr$","kenneth.dustin@biodevops.local"
"9*.t2yp#a$lF$","jennifer.raymond@biodevops.local"
"SEwItXhDNT.J$","lynn.erica@biodevops.local"
"2$P""#DhBA/y0$","james.thomas@biodevops.local"
"qvJgmfbOAX#l$","diane.tyler@biodevops.local"
"S/8apP(n0MOj$","john.rebecca1@biodevops.local"
"e/U""Nnjp%gR!$","janet.bonnie@biodevops.local"
"407gBRIVmOtS$","james.dustin@biodevops.local"
"RK+z$A9c#lg($","donald.leonard@biodevops.local"
"2mj*rbACZB%$$","lisa.andrew@biodevops.local"
"JxkQn""gLfB3Z$","betty.tasha@biodevops.local"
"JlpBG3n0)AjC$","alicia.lisa@biodevops.local"
"'""KgiM0,bGTn$","amanda.david@biodevops.local"
"%06)mohKyaeJ$","rachel.joseph@biodevops.local"
"f1m/JBU9N0ly$","christine.zachary@biodevops.local"
"suND""6b9Fj7S$","brooke.felicia@biodevops.local"
"Xig#*hS5nbv-$","joanne.kelly@biodevops.local"
"WIX(pd3JywH1$","carla.samuel@biodevops.local"
"!TQao.4lu$/X$","christopher.deborah@biodevops.local"
"I2gewVoA8BdZ$","jennifer.rachel@biodevops.local"
"V54)Gc!hy0tE$","kevin.catherine@biodevops.local"
"#!uLhv'(Sj1Q$","theresa.raven@biodevops.local"
"l7nc2IU8Xp4z$","miranda.stephanie@biodevops.local"
"G2U/IR*-%xn0$","michelle.dr@biodevops.local"
"Pkt-Km3b'NXv$","michael.angela@biodevops.local"
"x.&Desd0SK2)$","danielle.debra@biodevops.local"
"zgYrHCxuU#lK$","crystal.laura@biodevops.local"
"X2eLz(,Vh'T)$","brian.trevor@biodevops.local"
",Ila0MQb5Li8$","patty.margaret@biodevops.local"
"jXVDY(A*L5/'$","daniel.anna@biodevops.local"
"fOATF.61%t8g$","justin.george@biodevops.local"
"iT""IhbwN0+p8$","nancy.kimberly@biodevops.local"
"gqYr/l2i,*bH$","brooke.eric@biodevops.local"
"hQZJ&S+%49F0$","larry.diana@biodevops.local"
"9ub)m-+jEPH!$","michele.audrey@biodevops.local"
"mwHpPcq*/Z9E$","jacqueline.lauren@biodevops.local"
"mPBM3F*awt!k$","lisa.scott@biodevops.local"
"&/J#bVcXjprZ$","richard.karen@biodevops.local"
"vAR2$wNHk3+.$","christopher.dana@biodevops.local"
"O'Pjagn(.yxD$","traci.richard@biodevops.local"
"vZ8r723%U$#V$","brian.vanessa@biodevops.local"
"(xn03QbuF*+q$","john.michael@biodevops.local"
"xs0ye9JwUoX2$","jennifer.kendra@biodevops.local"
"I*va3C$N""!)c$","jason.joseph@biodevops.local"
"v3$pELeT8&z.$","brittany.shawna@biodevops.local"
"4ujxHsJlei!T$","sarah.steven@biodevops.local"
"HpFfY&!4m%9A$","keith.kathleen@biodevops.local"
"oqPuTrk3yWb,$","nicholas.thomas@biodevops.local"
"8zK4Id0$5D(F$","curtis.dennis@biodevops.local"
"dJ$/nOsNlgBx$","andrew.krista@biodevops.local"
"wm-vVZaWIgxH$","eugene.michele@biodevops.local"
"pf/uny+T#"")q$","julia.allen@biodevops.local"
"nU1w'9C)KtYH$","larry.amy@biodevops.local"
"""oAHeuEYjzx+$","robert.brandon@biodevops.local"
"L)IoWYuPv&qf$","margaret.christine@biodevops.local"
"U3Jc,.5YXi*N$","harold.alicia@biodevops.local"
"i%sKWmh0.w7/$","jessica.richard@biodevops.local"
"DhS,mXI&qf2/$","jennifer.travis@biodevops.local"
"enFNi6/r7y$1$","carlos.steven@biodevops.local"
""",GzuM#1JoBK$","steven.gerald@biodevops.local"
"%$""vz(KfiLR1$","christopher.samantha@biodevops.local"
"8k$goa1v)Dnc$","leslie.hayden@biodevops.local"
"uGPmM6&aRyIg$","brenda.ariel@biodevops.local"
"od0b6(2HLcGI$","tracy.matthew@biodevops.local"
"kLotp'U*&v1J$","regina.cynthia@biodevops.local"
"34$VIW7dRYDs$","kathy.douglas@biodevops.local"
"f$&k*.9l,IVB$","anna.matthew@biodevops.local"
"W3u5q#sQSyPV$","jeremy.connor@biodevops.local"
"E1#rojcv5zHF$","amber.brooke@biodevops.local"
"&/T(19GAcn7i$","tonya.kristin@biodevops.local"
"+B%jKai7-/F1$","sarah.michael@biodevops.local"
"yN0bf*4&Y$so$","jeffery.teresa@biodevops.local"
"x*hTlB4)K-""/$","christine.stephanie@biodevops.local"
"2ansd)v#uCgz$","meghan.tara@biodevops.local"
",NEF8p0KVBJZ$","michael.krista@biodevops.local"
"#TQrP275NieO$","timothy.dillon@biodevops.local"
"j1v)E!Fr'-48$","terri.elizabeth@biodevops.local"
"ePZ)fLM""oQJ0$","megan.veronica@biodevops.local"
"""zV7WYUKGtjh$","michelle.louis@biodevops.local"
"3-OT*Es+,.pG$","david.julie@biodevops.local"
"yoTh)QU6b*#-$","christopher.crystal@biodevops.local"
"zEoi4Qru0TLB$","molly.david@biodevops.local"
"-8gV3(SfH.e,$","jeffrey.cynthia@biodevops.local"
"3DMq%SJWrYg""$","paul.timothy@biodevops.local"
"esqpYva-TAbK$","jean.leslie@biodevops.local"
"d6qSAUs*!iTO$","laura.samantha@biodevops.local"
"703ECi.$kRgp$","robert.willie@biodevops.local"
"aIFMQ9s1&)c3$","kelly.paul@biodevops.local"
"-Lev+'GZ0dk8$","patricks.jake@biodevops.local"
"+mWPQOTMl2gf$","brian.travis@biodevops.local"
"FR(PkvCbha4$$","austin.erica@biodevops.local"
"E(p#'j8o9/S6$","samantha.daniel@biodevops.local"
"stEH)T0!4PpN$","robin.eileen@biodevops.local"
"GE!3pDH#Khu-$","kevin.rachel@biodevops.local"
"lOcYVtWJ5T!i$","olivia.vanessa@biodevops.local"
"3)9EJ'%YGWlV$","vanessa.wayne@biodevops.local"
"xwVn'kh2TrU-$","kevin.rhonda@biodevops.local"
"#quPso)0I8e+$","brittany.tony@biodevops.local"
".Amz$n!-5MuQ$","stephanie.juan@biodevops.local"
")*vs,F#pNi8V$","kimberly.becky@biodevops.local"
"5.MW,8a/h6Ol$","bradley.theresa@biodevops.local"
"jc&sAxw17ru,$","tara.brent@biodevops.local"
"b""OGk)fmC9L/$","wesley.nicole@biodevops.local"
"xo$tu""Ml75CY$","anthony.olivia@biodevops.local"
"nrBWv&,""lT1Z$","andrew.melanie@biodevops.local"
"Fu/JNZGa8Y-S$","shannon.katie@biodevops.local"
".4)n8zg0Fb(&$","jessica.kathleen@biodevops.local"
"H/+OojrFU'b5$","frederick.amber@biodevops.local"
"Y./*JxU!#&""E$","jacob.justin@biodevops.local"
"f,J2gY(G'ZS0$","dana.gabriel@biodevops.local"
"0X2xIR-Gcuy%$","troy.alison@biodevops.local"
"e&#qlZWrHMkB$","david.jacob@biodevops.local"
"NY!(ky$GOp56$","adam.diane@biodevops.local"
"sMtRz6,gk9!#$","renee.charles@biodevops.local"
"duq$HQUV+l48$","tiffany.douglas@biodevops.local"
"RsX!e(2l*6O9$","jessica.john@biodevops.local"
"9dsi5.S1qR(g$","chad.matthew@biodevops.local"
"aWXbu0g4m!id$","john.diamond@biodevops.local"
"9'4z&Y/gJZ6t$","carrie.linda@biodevops.local"
"RPJTXx3CZ!Gg$","pamela.patrick@biodevops.local"
"4,/*gksh0OKH$","christopher.thomas@biodevops.local"
"r3/YEXti.q1n$","brian.charles@biodevops.local"
"MTpkeSRYV5hy$","sharon.ruben@biodevops.local"
"A)3I""4265tkX$","travis.john@biodevops.local"
"cBiw43nX#Ijv$","rodney.patrick@biodevops.local"
"Vg5v29pCY3""w$","charles.michelle@biodevops.local"
"CYh2uEUsg'T4$","jason.patricks@biodevops.local"
"%i""j4dXbATG-$","david.erin@biodevops.local"
"tL/NZ0Dimk1n$","lisa.holly@biodevops.local"
"8)Y.-A3swGu0$","tonya.kevin@biodevops.local"
"xPjI7!4zDK(n$","william.regina@biodevops.local"
"0Dy""MpzTwkRY$","amber.justin@biodevops.local"
"1NDhKUtnxeP""$","robert.emma@biodevops.local"
"xavmEMAXpl$b$","elizabeth.robert@biodevops.local"
"!LTV#.UPaEtp$","brian.melanie@biodevops.local"
"CT0mV,vrF.2n$","robert.henry@biodevops.local"
"5uveYxT'brF*$","carl.crystal@biodevops.local"
"m(MApWl%$6fX$","brenda.sandra@biodevops.local"
"9kahHc+sNmVR$","dr.michael1@biodevops.local"
"svf/5(KuDo#F$","jeremy.austin@biodevops.local"
"L$Ww%v'c&ud0$","lucas.carly@biodevops.local"
"$QP"",yjYF+/c$","jimmy.jordan@biodevops.local"
"FzGEq,rR+4bN$","jeremy.virginia@biodevops.local"
"9bs4jB#'IVLg$","sara.tina@biodevops.local"
"R1+jO!Y's(S0$","lucas.pamela@biodevops.local"
"CN0rq-""zQ)Gt$","francisco.nicole@biodevops.local"
"kPx0hIFpY+AW$","thomas.todd@biodevops.local"
"OeUpPola/t0r$","courtney.jessica@biodevops.local"
"n%&i0WkbVDRm$","carla.scott@biodevops.local"
"jL+X.fkobs1""$","shirley.anthony@biodevops.local"
"fectKZ5dkNyO$","lisa.allen@biodevops.local"
"e*'dLTa""+Vj1$","timothy.brian@biodevops.local"
"/reBVKxjCz65$","rebecca.patrick@biodevops.local"
"Y0ps#wj9,!Mr$","michelle.rebecca@biodevops.local"
"2UpLu%Ge+)S5$","lawrence.catherine@biodevops.local"
"O#sg1AkRP5-X$","ann.andrea@biodevops.local"
"dc/7Vb4tAjkB$","april.beverly@biodevops.local"
"wZ'yA7p9Pigs$","david.michelle@biodevops.local"
"w50E7YVf)bCs$","joshua.robert@biodevops.local"
"kx)dnomtzN7l$","april.hannah@biodevops.local"
"O&)InVmJGL0y$","cheryl.shawn@biodevops.local"
"6cJ3av/X*$&f$","victor.theodore@biodevops.local"
"ETReD!A(JI)6$","douglas.shirley@biodevops.local"
"(izcvLHCEag9$","justin.derek@biodevops.local"
"evdpD*VNr863$","amy.mark@biodevops.local"
"vcn#)ODN.5y8$","christopher.rodney@biodevops.local"
"siS-N7C+RKaz$","hector.alexander@biodevops.local"
"hZx'ei&(8rBP$","caitlin.lindsey@biodevops.local"
"Za6nULA91jul$","chad.david@biodevops.local"
"HwB)MhukoTeG$","linda.edward@biodevops.local"
"pzO+S/5Abs%!$","erin.kevin@biodevops.local"
"D0H-a/+f&8z$$","jerry.michelle@biodevops.local"
"iGkO!$&vw1x.$","katherine.deborah@biodevops.local"
"Uh/5#Tx3PE+s$","william.john@biodevops.local"
"'YSDf)""-e4hU$","alison.deborah@biodevops.local"
"+s.)-qpt5Whb$","daniel.alexa@biodevops.local"
"6nN19Jd!rgj2$","nicholas.brett@biodevops.local"
"W#KRA/DPyi0F$","raymond.dwayne@biodevops.local"
"#rS+$C)2lYMh$","jennifer.joan@biodevops.local"
"rI/,2ot1ReO4$","amanda.vincent@biodevops.local"
"q%$6W51#BE!s$","mary.elizabeth@biodevops.local"
"vCh1FyO&f5p0$","derrick.christine@biodevops.local"
"QZz40JRhkM/G$","maria.scott@biodevops.local"
"WS*Zy29XkKFY$","keith.jennifer@biodevops.local"
"n#Wxok*PXbhE$","deborah.michelle@biodevops.local"
"wBdvSqgxmDT7$","caitlin.tonya@biodevops.local"
"KRLem(u'aQvx$","taylor.meagan@biodevops.local"
"+$&59E#QR.Wz$","melinda.stephanie@biodevops.local"
"2u*QladSm6Cs$","michael.alexis@biodevops.local"
"p'!%4t*-gFdj$","tara.crystal@biodevops.local"
"WzfK649ErkPN$","faith.dylan@biodevops.local"
"30guBGm!lQJs$","brittany.derek@biodevops.local"
"ROL/J&FuXTi8$","kimberly.claudia@biodevops.local"
"DsS7L,!W#bkB$","thomas.katelyn@biodevops.local"
"BYSnMA587'K*$","michelle.rebekah@biodevops.local"
"va7gk05!B2sI$","jerome.ronald@biodevops.local"
"TXzgjn1+Q2k*$","gerald.kenneth@biodevops.local"
"Ed8Kgn.-3FZ4$","kerri.alyssa@biodevops.local"
"c!X(3+C/Dm).$","stephen.jacqueline@biodevops.local"
"vR%Tn5ga7PpS$","gabriela.melissa@biodevops.local"
"amtOz-Ide&Tv$","scott.louis@biodevops.local"
"4nN$(P0SV/jr$","philip.ashley@biodevops.local"
"5K1$IhEapJw8$","jose.jay@biodevops.local"
"7lvgi&TyPouk$","charles.joseph@biodevops.local"
"8TXwVI3h-(U/$","ronnie.madison@biodevops.local"
"&%yHAQO'lp3c$","tiffany.james@biodevops.local"
"C(hxGQa,0S19$","stephanie.patrick@biodevops.local"
"RDLtMnexUz+E$","john.christopher@biodevops.local"
",l&AvBNa7i$R$","jesse.john@biodevops.local"
"5)zL/y6X1*4O$","marvin.heather@biodevops.local"
"f#wBrANE12G,$","melissa.michael1@biodevops.local"
"Ynp#9vUE-BiC$","tonya.michelle@biodevops.local"
"*8rR2nIKsZzm$","juan.carl@biodevops.local"
"57x6o'Kr(#Wb$","roger.michael@biodevops.local"
"$#.N8g(mE7yt$","mary.jared@biodevops.local"
"0VNxZ""MQe3I+$","matthew.adriana@biodevops.local"
"!ETxtfr(q""'0$","sarah.jennifer@biodevops.local"
"H1BVOtLZ)%4Y$","kristina.diana@biodevops.local"
"/vEP(UZ9R'YS$","melissa.patrick@biodevops.local"
"jl4k0GFIMNbf$","paul.robin@biodevops.local"
"sz73aYFSdOVT$","dale.kimberly@biodevops.local"
"1/t9TOMKgyIA$","dalton.barbara@biodevops.local"
"vsmuBP.L&*be$","david.anthony@biodevops.local"
"&YaJim,ET/y($","benjamin.denise@biodevops.local"
"1u!eTjaso/mB$","richard.brian@biodevops.local"
"Y0y&#B!sONJt$","joann.matthew@biodevops.local"
"u#DxK6tE'rR4$","timothy.daniel@biodevops.local"
"'f)pwIb*(LNT$","carol.darrell@biodevops.local"
"IAVpz9o$a*nQ$","sharon.charles@biodevops.local"
"0q&Bp'd2ED-m$","sara.laura@biodevops.local"
"zL.Wen5XRcNo$","jared.kristie@biodevops.local"
"vLfC*9DkB2Ex$","nicholas.christopher@biodevops.local"
"J1x8SQKYjB9q$","patricks.sarah@biodevops.local"
"IH.SCusX,'2n$","patrick.lisa@biodevops.local"
"kNwCY*dapg5x$","jennifer.david@biodevops.local"
"N8+6m*'5z3Fu$","samantha.annette@biodevops.local"
"OMtxq/QEL98m$","suzanne.tiffany@biodevops.local"
")i""6crFG&d9J$","kristen.philip@biodevops.local"
"pntFh""mquwY%$","charlene.denise@biodevops.local"
"v6*Y#Eh+mOcj$","frances.karen@biodevops.local"
"1Q+B$RHmdyIn$","jaime.heidi@biodevops.local"
"+.'""XUz)v5o2$","kyle.chelsea@biodevops.local"
"bB#,wc-sJP4&$","denise.jason@biodevops.local"
"7T3'CNKbl1SX$","michelle.elizabeth@biodevops.local"
"8f%!YnQM6Kk+$","nancy.randall@biodevops.local"
"EXg'/BchTj""V$","david.michael@biodevops.local"
"-6rHS""#Qy7Im$","rebecca.kimberly@biodevops.local"
"/GlY,m8x(SQ1$","anthony.jonathan@biodevops.local"
"+0)AhnV38kf2$","shawn.richard@biodevops.local"
"Y$/qMp5mC(Ea$","eric.bailey@biodevops.local"
"p80i-oaFl&m#$","carol.richard@biodevops.local"
"ZQpmdb'""Hjkw$","barry.amy@biodevops.local"
"j3HC2$g!G1v4$","dr.ashley@biodevops.local"
"8PK5W/'Z1byc$","steven.philip@biodevops.local"
"+bc2r#nwS0GI$","kathryn.jennifer@biodevops.local"
"b23aYAC8u'61$","nicole.russell@biodevops.local"
"'jL-+2yBDA7/$","kevin.daniel@biodevops.local"
"guF+kHxPO4-T$","marisa.todd@biodevops.local"
"2XcHBzyV)+EZ$","amy.ruth@biodevops.local"
"fplu(#t1JmeC$","christopher.brandi@biodevops.local"
"Pkd,N8Dl'CiX$","john.ryan@biodevops.local"
"i3Fzc09&qLdJ$","dr.robert@biodevops.local"
"p""V/f+7%R9#4$","lawrence.stephanie@biodevops.local"
"fc,hapWEti7g$","thomas.teresa@biodevops.local"
"EG7/Riyf!Nv-$","joseph.tracy@biodevops.local"
"nachL!TF,*Al$","mark.patricks@biodevops.local"
"rTgD67Oeo$'I$","jennifer.katie@biodevops.local"
"&PUVm+G!adxT$","anthony.heather@biodevops.local"
"pEY0/2FsI5zW$","julie.samantha@biodevops.local"
"R3YpLi2ys!""v$","sarah.amy@biodevops.local"
"jqf8Dh$G3n'F$","aaron.alexander@biodevops.local"
"n(E1ajXLKB'+$","john.michael1@biodevops.local"
"y9),g3!#WI*N$","cory.traci@biodevops.local"
"zIBW'/$6),tJ$","elizabeth.elizabeth@biodevops.local"
"sG2V/""v8Og%i$","laura.joseph@biodevops.local"
"P.1QnSuqv4x+$","sandra.pamela1@biodevops.local"
"Wn""xE0fTeZ8Q$","jeffrey.karen@biodevops.local"
"nc74xyZJEfAF$","jesus.james@biodevops.local"
"DPMe%$R)3H+w$","joshua.ashley@biodevops.local"
"$09y)6FA4/uS$","erika.candace@biodevops.local"
"9XM%*Br-qCtJ$","joshua.ricky@biodevops.local"
"XS10qRe""vNGy$","kimberly.michelle@biodevops.local"
"jdM$ahZGIqV3$","brittany.michael@biodevops.local"
"y+5pfR-IUlc4$","michele.candace@biodevops.local"
"%WRD""qcPV0(7$","john.craig@biodevops.local"
"8)b*rg&e6TJS$","mary.natalie@biodevops.local"
"C%1#yW!4S&RG$","amanda.shelby@biodevops.local"
"w,HNzZU7e3SB$","sharon.jacob@biodevops.local"
"M1iVh)6&%C/a$","amber.christopher@biodevops.local"
"x2dfb%mMTOc+$","jay.robin@biodevops.local"
"hfaZoeYxbwAO$","raven.kelly@biodevops.local"
"bG5t)E0%j2a9$","traci.brandon@biodevops.local"
"5&+DJkz'""j$W$","christopher.misty@biodevops.local"
"DCnV4NhL0pfz$","joseph.anthony@biodevops.local"
"Ykntw3aCBgAr$","fernando.stephanie@biodevops.local"
"Ho3PqKb'AGWR$","angel.michael@biodevops.local"
"Iy+Z5gCM!1lX$","glenn.michael@biodevops.local"
"E0BeXFobCZ(/$","ronald.jesse@biodevops.local"
"HzOv.1o4N(+k$","yolanda.brian@biodevops.local"
"%ke-/'u2ATQh$","frank.john@biodevops.local"
".rp,*Yo+g#GI$","joann.laura@biodevops.local"
"1czDKwm3g""IO$","micheal.kelly@biodevops.local"
"hd.xjNWbot&O$","paul.pamela@biodevops.local"
"Gv'/bPS(MrQD$","paul.michael@biodevops.local"
"1Op3)&qRDPXY$","gwendolyn.tyler@biodevops.local"
"a0sBLweg3xP5$","michelle.taylor@biodevops.local"
"wd.f*SFrzcK0$","michelle.alexa@biodevops.local"
"UpKFCs9L+Y&I$","jeffrey.monique@biodevops.local"
"liYswo4'eX-M$","mark.sarah1@biodevops.local"
"IVF,5E+fX#mp$","crystal.stefanie@biodevops.local"
"drkVhgI+et""l$","brittany.michelle@biodevops.local"
"e2k*m)0Oquf7$","denise.gina@biodevops.local"
"j(#+cIy/9kPx$","reginald.christine@biodevops.local"
"F3XG/)9hfUrj$","james.hannah@biodevops.local"
"bO7Q258BqU#p$","regina.mitchell@biodevops.local"
"pt3Ev0BRusqo$","michelle.stephanie@biodevops.local"
"neQ-6IM&1OwB$","john.timothy@biodevops.local"
"Qq1O+wa4xVZb$","danielle.jessica@biodevops.local"
"L2#rFMKb1)B7$","juan.timothy@biodevops.local"
"D8vg4RE5M-A!$","marvin.lori@biodevops.local"
"mAvjk9COnL.S$","dana.christopher@biodevops.local"
"9h(d-8,7J4""p$","william.jordan@biodevops.local"
"#uaLvldGYTj5$","andrew.kayla@biodevops.local"
"!ZYJ7CD.lS9#$","david.kimberly@biodevops.local"
")*7y9k""C-3'v$","sean.charles@biodevops.local"
"MnrZ$W+01JS4$","todd.david@biodevops.local"
"n.vkTq'4fmE)$","denise.ernest@biodevops.local"
"PcGBtOy5EI'n$","lori.edward@biodevops.local"
"+g2ENbX9MRD#$","timothy.lauren@biodevops.local"
"MTH%&R7WPCk!$","todd.robyn@biodevops.local"
"qIe,*jVQ'bKy$","scott.jennifer@biodevops.local"
"Nu,6/.hL9vo($","nancy.deanna@biodevops.local"
